<?xml version="1.0"?>
<ruleset name="PSR2Tabs">
    <description>PSR2 with tabs instead of spaces.</description>
    <arg name="tab-width" value="4"/>
    <rule ref="PSR2">
        <exclude name="Generic.WhiteSpace.DisallowTabIndent"/>
        <exclude name="Generic.Commenting.DocComment"/>
    </rule>
    <rule ref="Generic.WhiteSpace.DisallowSpaceIndent"/>
    <rule ref="Generic.WhiteSpace.ScopeIndent">
        <properties>
            <property name="indent" value="4"/>
            <property name="tabIndent" value="true"/>
        </properties>
    </rule>
    <rule ref="Generic.Files.LineLength">
        <properties>
            <property name="lineLimit" value="160"/>
            <property name="absoluteLineLimit" value="200"/>
        </properties>
    </rule>
</ruleset>
